{
    "counter": {
        "ACTIVE": 4578,
        "INACTIVE": 32,
        "INVALID": 0,
        "MALICIOUS": 0,
        "SANE": 0,
        "VALID": 0,
        "total": 4610
    },
    "percentage": {
        "ACTIVE": 99.3058568329718,
        "INACTIVE": 0.744013020227854,
        "INVALID": 0,
        "MALICIOUS": 0,
        "SANE": 0,
        "VALID": 0,
        "total": 100.04986985319965
    }
}