{
    "counter": {
        "ACTIVE": 2959,
        "INACTIVE": 21,
        "INVALID": 0,
        "MALICIOUS": 0,
        "SANE": 0,
        "VALID": 0,
        "total": 2980
    },
    "percentage": {
        "ACTIVE": 99.29530201342281,
        "INACTIVE": 1.2773722627737227,
        "INVALID": 0,
        "MALICIOUS": 0,
        "SANE": 0,
        "VALID": 0,
        "total": 100.57267427619654
    }
}