{
    "counter": {
        "ACTIVE": 1520,
        "INACTIVE": 1331,
        "INVALID": 0,
        "MALICIOUS": 0,
        "SANE": 0,
        "VALID": 0,
        "total": 2851
    },
    "percentage": {
        "ACTIVE": 53.333333333333336,
        "INACTIVE": 46.68537355313925,
        "INVALID": 0,
        "MALICIOUS": 0,
        "SANE": 0,
        "VALID": 0,
        "total": 100.01870688647259
    }
}