{
    "counter": {
        "ACTIVE": 5118,
        "INACTIVE": 18,
        "INVALID": 0,
        "MALICIOUS": 0,
        "SANE": 0,
        "VALID": 0,
        "total": 5136
    },
    "percentage": {
        "ACTIVE": 99.64953271028037,
        "INACTIVE": 0.3968253968253968,
        "INVALID": 0,
        "MALICIOUS": 0,
        "SANE": 0,
        "VALID": 0,
        "total": 100.04635810710576
    }
}