{
    "counter": {
        "ACTIVE": 5100,
        "INACTIVE": 29,
        "INVALID": 0,
        "MALICIOUS": 0,
        "SANE": 0,
        "VALID": 0,
        "total": 5129
    },
    "percentage": {
        "ACTIVE": 99.43458763891597,
        "INACTIVE": 0.6010362694300518,
        "INVALID": 0,
        "MALICIOUS": 0,
        "SANE": 0,
        "VALID": 0,
        "total": 100.03562390834603
    }
}