{
    "counter": {
        "ACTIVE": 4129,
        "INACTIVE": 1010,
        "INVALID": 0,
        "MALICIOUS": 0,
        "SANE": 0,
        "VALID": 0,
        "total": 5139
    },
    "percentage": {
        "ACTIVE": 80.5815768930523,
        "INACTIVE": 19.65362911072193,
        "INVALID": 0,
        "MALICIOUS": 0,
        "SANE": 0,
        "VALID": 0,
        "total": 100.23520600377424
    }
}