{
    "counter": {
        "ACTIVE": 4145,
        "INACTIVE": 28,
        "INVALID": 0,
        "MALICIOUS": 0,
        "SANE": 0,
        "VALID": 0,
        "total": 4173
    },
    "percentage": {
        "ACTIVE": 99.32901988976755,
        "INACTIVE": 0.7119247393846936,
        "INVALID": 0,
        "MALICIOUS": 0,
        "SANE": 0,
        "VALID": 0,
        "total": 100.04094462915225
    }
}