{
    "counter": {
        "ACTIVE": 1991,
        "INACTIVE": 26,
        "INVALID": 0,
        "MALICIOUS": 0,
        "SANE": 0,
        "VALID": 0,
        "total": 2017
    },
    "percentage": {
        "ACTIVE": 98.71095686663361,
        "INACTIVE": 1.5643802647412757,
        "INVALID": 0,
        "MALICIOUS": 0,
        "SANE": 0,
        "VALID": 0,
        "total": 100.27533713137488
    }
}