{
    "counter": {
        "ACTIVE": 4560,
        "INACTIVE": 29,
        "INVALID": 0,
        "MALICIOUS": 0,
        "SANE": 0,
        "VALID": 0,
        "total": 4589
    },
    "percentage": {
        "ACTIVE": 99.368054042275,
        "INACTIVE": 0.632221495530848,
        "INVALID": 0,
        "MALICIOUS": 0,
        "SANE": 0,
        "VALID": 0,
        "total": 100.00027553780585
    }
}