{
    "counter": {
        "ACTIVE": 4840,
        "INACTIVE": 23,
        "INVALID": 0,
        "MALICIOUS": 0,
        "SANE": 0,
        "VALID": 0,
        "total": 4863
    },
    "percentage": {
        "ACTIVE": 99.52704092124203,
        "INACTIVE": 0.5189530685920578,
        "INVALID": 0,
        "MALICIOUS": 0,
        "SANE": 0,
        "VALID": 0,
        "total": 100.04599398983409
    }
}