{
    "counter": {
        "ACTIVE": 3421,
        "INACTIVE": 2905,
        "INVALID": 0,
        "MALICIOUS": 0,
        "SANE": 0,
        "VALID": 0,
        "total": 6326
    },
    "percentage": {
        "ACTIVE": 54.0955091714105,
        "INACTIVE": 45.92159342396459,
        "INVALID": 0,
        "MALICIOUS": 0,
        "SANE": 0,
        "VALID": 0,
        "total": 100.01710259537509
    }
}