{
    "counter": {
        "ACTIVE": 5106,
        "INACTIVE": 36,
        "INVALID": 0,
        "MALICIOUS": 0,
        "SANE": 0,
        "VALID": 0,
        "total": 5142
    },
    "percentage": {
        "ACTIVE": 99.29988331388564,
        "INACTIVE": 0.7089405277668374,
        "INVALID": 0,
        "MALICIOUS": 0,
        "SANE": 0,
        "VALID": 0,
        "total": 100.00882384165249
    }
}