{
    "counter": {
        "ACTIVE": 238,
        "INACTIVE": 1,
        "INVALID": 0,
        "MALICIOUS": 0,
        "SANE": 0,
        "VALID": 0,
        "total": 239
    },
    "percentage": {
        "ACTIVE": 99.581589958159,
        "INACTIVE": 0.6172839506172839,
        "INVALID": 0,
        "MALICIOUS": 0,
        "SANE": 0,
        "VALID": 0,
        "total": 100.19887390877628
    }
}