{
    "counter": {
        "ACTIVE": 664,
        "INACTIVE": 3,
        "INVALID": 0,
        "MALICIOUS": 0,
        "SANE": 0,
        "VALID": 0,
        "total": 667
    },
    "percentage": {
        "ACTIVE": 99.55022488755623,
        "INACTIVE": 0.4893964110929853,
        "INVALID": 0,
        "MALICIOUS": 0,
        "SANE": 0,
        "VALID": 0,
        "total": 100.03962129864921
    }
}