{
    "counter": {
        "ACTIVE": 1860,
        "INACTIVE": 1798,
        "INVALID": 0,
        "MALICIOUS": 0,
        "SANE": 0,
        "VALID": 0,
        "total": 3658
    },
    "percentage": {
        "ACTIVE": 50.87527352297593,
        "INACTIVE": 49.152542372881356,
        "INVALID": 0,
        "MALICIOUS": 0,
        "SANE": 0,
        "VALID": 0,
        "total": 100.02781589585729
    }
}