{
    "counter": {
        "ACTIVE": 1845,
        "INACTIVE": 22,
        "INVALID": 0,
        "MALICIOUS": 0,
        "SANE": 0,
        "VALID": 0,
        "total": 1867
    },
    "percentage": {
        "ACTIVE": 98.82163899303696,
        "INACTIVE": 1.2297372833985467,
        "INVALID": 0,
        "MALICIOUS": 0,
        "SANE": 0,
        "VALID": 0,
        "total": 100.0513762764355
    }
}