{
    "counter": {
        "ACTIVE": 5083,
        "INACTIVE": 16,
        "INVALID": 0,
        "MALICIOUS": 0,
        "SANE": 0,
        "VALID": 0,
        "total": 5099
    },
    "percentage": {
        "ACTIVE": 99.68621298293783,
        "INACTIVE": 0.3645477329687856,
        "INVALID": 0,
        "MALICIOUS": 0,
        "SANE": 0,
        "VALID": 0,
        "total": 100.05076071590662
    }
}