{
    "counter": {
        "ACTIVE": 3641,
        "INACTIVE": 494,
        "INVALID": 0,
        "MALICIOUS": 0,
        "SANE": 0,
        "VALID": 0,
        "total": 4135
    },
    "percentage": {
        "ACTIVE": 89.61358602018213,
        "INACTIVE": 11.946795646916566,
        "INVALID": 0,
        "MALICIOUS": 0,
        "SANE": 0,
        "VALID": 0,
        "total": 101.5603816670987
    }
}