{
    "counter": {
        "ACTIVE": 260,
        "INACTIVE": 3,
        "INVALID": 0,
        "MALICIOUS": 0,
        "SANE": 0,
        "VALID": 0,
        "total": 263
    },
    "percentage": {
        "ACTIVE": 98.85931558935361,
        "INACTIVE": 1.8404907975460123,
        "INVALID": 0,
        "MALICIOUS": 0,
        "SANE": 0,
        "VALID": 0,
        "total": 100.69980638689962
    }
}